1,884dedc8e,True,2022-12-17 13:51:11
2,884dedc8e,False,2022-12-17 13:51:34
3,884dedc8e,True,2022-12-18 14:24:25
4,884dedc8e,False,2022-12-18 14:24:53
5,884dedc8e,True,2022-12-18 14:25:48
6,884dedc8e,False,2022-12-18 14:44:41
7,884dedc8e,True,2022-12-19 10:43:41
8,884dedc8e,False,2022-12-19 10:44:58
9,884dedc8e,True,2022-12-19 14:58:04
10,884dedc8e,False,2022-12-19 15:00:04
11,884dedc8e,True,2022-12-20 09:29:51
12,884dedc8e,False,2022-12-20 09:31:21
13,884dedc8e,True,2022-12-20 12:40:54
14,884dedc8e,False,2022-12-20 12:42:04
15,8846c28c8,True,2022-12-22 02:04:18
16,8846c28c8,False,2022-12-22 02:05:59